date,temp_max,temp_min,temp,feelslike,humidity,dew,precip,precipprob,snow,windgust,windspeed,winddir,pressure,cloudcover,visibility,uvindex,sunrise,sunset,conditions,description
2024-07-21,28.4,25.4,26.9,29.0,87.3,24.6,1.2,100.0,0.0,34.6,15.8,217.8,997.2,99.4,22.5,3.0,05:23:20,18:32:52,"Rain, Overcast",Cloudy skies throughout the day with a chance of rain throughout the day.
2024-07-22,27.0,24.9,26.3,27.3,89.3,24.4,20.0,100.0,0.0,35.3,9.0,216.5,999.3,100.0,19.1,3.0,05:23:43,18:32:34,"Rain, Overcast",Cloudy skies throughout the day with a chance of rain throughout the day.
2024-07-23,26.5,24.9,25.8,25.8,89.8,24.0,35.6,100.0,0.0,49.0,16.2,248.8,999.1,99.9,17.0,2.0,05:24:05,18:32:15,"Rain, Overcast",Cloudy skies throughout the day with a chance of rain throughout the day.
2024-07-24,28.4,25.2,26.4,27.5,86.5,23.9,4.8,100.0,0.0,50.0,19.4,250.6,996.8,96.2,23.5,4.0,05:24:27,18:31:55,"Rain, Overcast",Cloudy skies throughout the day with a chance of rain throughout the day.
2024-07-25,29.0,24.9,27.0,28.9,81.7,23.5,1.9,100.0,0.0,47.5,22.3,259.7,995.4,92.9,23.9,5.0,05:24:50,18:31:34,"Rain, Overcast",Cloudy skies throughout the day with a chance of rain throughout the day.
2024-07-26,29.3,26.1,27.1,29.1,82.5,23.8,4.0,100.0,0.0,46.8,21.6,278.6,995.3,98.0,16.8,5.0,05:25:12,18:31:11,"Rain, Overcast",Cloudy skies throughout the day with a chance of rain throughout the day.
2024-07-27,30.1,26.0,27.6,30.5,82.6,24.3,1.1,100.0,0.0,45.0,19.4,261.7,995.7,91.8,20.3,5.0,05:25:34,18:30:48,"Rain, Overcast",Cloudy skies throughout the day with rain.
2024-07-28,31.6,25.4,27.9,31.4,85.0,25.0,1.3,100.0,0.0,34.2,13.3,229.7,997.3,96.3,23.6,6.0,05:25:55,18:30:23,"Rain, Overcast",Cloudy skies throughout the day with rain.
2024-07-29,31.2,25.3,27.9,31.9,87.1,25.5,5.7,100.0,0.0,28.1,7.2,231.5,999.0,99.3,23.7,5.0,05:26:17,18:29:58,"Rain, Overcast",Cloudy skies throughout the day with a chance of rain throughout the day.
2024-07-30,30.4,25.8,27.8,31.6,89.0,25.7,17.6,100.0,0.0,31.0,7.6,237.3,1001.6,99.9,20.1,7.0,05:26:38,18:29:31,"Rain, Overcast",Cloudy skies throughout the day with a chance of rain throughout the day.
2024-07-31,30.6,26.2,28.0,31.8,86.5,25.4,7.4,100.0,0.0,34.6,12.2,257.8,1001.9,99.9,19.7,4.0,05:26:59,18:29:04,"Rain, Overcast",Cloudy skies throughout the day with a chance of rain throughout the day.
2024-08-01,30.2,25.6,27.2,29.8,86.1,24.7,15.8,100.0,0.0,33.1,11.2,247.5,1001.1,100.0,22.0,3.0,05:27:20,18:28:35,"Rain, Overcast",Cloudy skies throughout the day with a chance of rain throughout the day.
2024-08-02,28.1,25.2,26.3,27.6,87.3,24.0,15.4,100.0,0.0,40.7,14.0,234.0,1000.9,100.0,23.9,2.0,05:27:41,18:28:06,"Rain, Overcast",Cloudy skies throughout the day with a chance of rain throughout the day.
2024-08-03,30.5,24.2,27.2,29.7,83.4,24.1,12.3,100.0,0.0,43.6,17.3,231.1,1002.9,100.0,19.1,5.0,05:28:02,18:27:35,"Rain, Overcast",Cloudy skies throughout the day with a chance of rain throughout the day.
2024-08-04,32.3,24.5,27.6,30.8,85.3,24.8,0.2,100.0,0.0,30.2,8.3,203.8,1005.0,97.0,23.1,5.0,05:28:22,18:27:03,"Rain, Overcast",Cloudy skies throughout the day with morning rain.
2024-08-05,30.8,25.3,27.6,30.6,87.2,25.2,13.8,100.0,0.0,28.1,5.8,252.8,1005.5,99.0,17.9,5.0,05:28:42,18:26:31,"Rain, Overcast",Cloudy skies throughout the day with rain.
2024-08-06,28.1,24.2,26.2,27.4,90.4,24.5,65.9,100.0,0.0,29.9,8.6,253.1,1003.5,100.0,19.5,2.0,05:29:02,18:25:58,"Rain, Overcast",Cloudy skies throughout the day with a chance of rain throughout the day.
2024-08-07,30.1,23.9,26.7,28.9,86.7,24.2,3.9,100.0,0.0,34.9,9.0,251.5,1002.8,99.8,22.9,7.0,05:29:22,18:25:23,"Rain, Overcast",Cloudy skies throughout the day with a chance of rain throughout the day.
2024-08-08,31.4,24.9,27.8,30.9,81.7,24.3,0.7,100.0,0.0,33.1,14.0,248.1,1003.9,97.6,18.8,7.0,05:29:41,18:24:48,"Rain, Overcast",Cloudy skies throughout the day with rain.
2024-08-09,29.9,25.5,27.5,30.4,84.5,24.6,3.3,100.0,0.0,25.2,9.0,251.4,1005.7,94.1,21.5,4.0,05:30:00,18:24:12,"Rain, Overcast",Cloudy skies throughout the day with a chance of rain throughout the day.
2024-08-10,32.6,24.5,28.0,31.5,83.1,24.7,2.4,100.0,0.0,27.7,8.6,239.0,1005.7,74.5,23.1,7.0,05:30:19,18:23:35,"Rain, Partially cloudy",Partly cloudy throughout the day with rain in the morning and afternoon.
2024-08-11,32.2,25.8,28.9,33.3,81.3,25.2,6.4,100.0,0.0,27.7,7.9,248.1,1004.5,95.1,22.1,7.0,05:30:38,18:22:57,"Rain, Overcast",Cloudy skies throughout the day with a chance of rain throughout the day.
2024-08-12,31.3,25.4,28.2,32.5,84.2,25.2,7.2,100.0,0.0,26.3,7.2,220.0,1004.7,94.6,22.8,7.0,05:30:56,18:22:18,"Rain, Overcast",Cloudy skies throughout the day with a chance of rain throughout the day.
2024-08-13,32.3,25.6,28.2,32.4,86.5,25.7,7.6,100.0,0.0,18.4,5.0,241.1,1005.4,98.6,21.2,6.0,05:31:14,18:21:38,"Rain, Overcast",Cloudy skies throughout the day with rain in the morning and afternoon.
2024-08-14,29.6,25.3,27.5,31.0,88.0,25.3,17.2,100.0,0.0,23.8,5.8,250.0,1005.4,99.9,22.2,4.0,05:31:32,18:20:58,"Rain, Overcast",Cloudy skies throughout the day with a chance of rain throughout the day.
2024-08-15,32.2,25.4,28.4,32.8,84.4,25.4,8.5,100.0,0.0,32.0,8.3,240.4,1004.4,99.6,22.7,6.0,05:31:49,18:20:17,"Rain, Overcast",Cloudy skies throughout the day with rain.
2024-08-16,29.1,24.9,26.7,28.9,90.1,24.9,42.5,100.0,0.0,24.5,7.2,212.6,1004.3,99.9,22.8,4.0,05:32:07,18:19:35,"Rain, Overcast",Cloudy skies throughout the day with a chance of rain throughout the day.
2024-08-17,31.3,24.9,27.8,31.3,84.4,24.8,18.5,100.0,0.0,28.1,9.4,261.3,1004.8,94.5,22.8,6.0,05:32:23,18:18:52,"Rain, Overcast",Cloudy skies throughout the day with a chance of rain throughout the day.
2024-08-18,31.2,24.9,27.6,30.7,86.1,25.0,12.6,100.0,0.0,28.1,5.8,260.1,1005.7,98.2,19.4,5.0,05:32:40,18:18:09,"Rain, Overcast",Cloudy skies throughout the day with a chance of rain throughout the day.
2024-08-19,32.1,24.4,28.1,32.0,82.8,24.8,14.0,100.0,0.0,26.3,8.3,267.3,1004.9,100.0,23.5,5.0,05:32:57,18:17:25,"Rain, Overcast",Cloudy skies throughout the day with rain.
2024-08-20,33.0,25.4,28.7,33.5,83.7,25.6,5.9,100.0,0.0,25.2,7.2,221.2,1005.3,99.9,22.5,7.0,05:33:13,18:16:40,"Rain, Overcast",Cloudy skies throughout the day with a chance of rain throughout the day.
2024-08-21,32.7,26.2,28.7,33.5,84.9,25.8,7.5,100.0,0.0,28.1,6.8,234.5,1006.8,100.0,19.5,6.0,05:33:29,18:15:54,"Rain, Overcast",Cloudy skies throughout the day with a chance of rain throughout the day.
2024-08-22,29.3,25.4,27.0,29.7,91.2,25.5,37.1,100.0,0.0,21.2,7.2,230.3,1006.3,100.0,20.9,3.0,05:33:44,18:15:08,"Rain, Overcast",Cloudy skies throughout the day with a chance of rain throughout the day.
2024-08-23,30.2,25.2,27.0,29.4,88.0,24.8,30.0,100.0,0.0,32.8,6.5,228.6,1005.8,100.0,21.5,2.0,05:34:00,18:14:21,"Rain, Overcast",Cloudy skies throughout the day with a chance of rain throughout the day.
2024-08-24,29.6,24.6,26.6,28.7,88.6,24.6,21.8,100.0,0.0,29.5,7.2,196.9,1005.2,100.0,20.2,2.0,05:34:15,18:13:34,"Rain, Overcast",Cloudy skies throughout the day with a chance of rain throughout the day.
2024-08-25,30.2,24.6,26.8,28.7,87.3,24.4,2.2,100.0,0.0,37.4,11.2,229.8,1004.1,99.8,20.3,5.0,05:34:30,18:12:46,"Rain, Overcast",Cloudy skies throughout the day with a chance of rain throughout the day.
2024-08-26,31.3,24.7,27.3,30.0,85.4,24.5,12.1,100.0,0.0,35.3,11.9,240.2,1003.3,99.9,23.4,5.0,05:34:45,18:11:57,"Rain, Overcast",Cloudy skies throughout the day with a chance of rain throughout the day.
2024-08-27,30.4,23.6,26.8,29.1,88.9,24.7,9.8,100.0,0.0,36.7,6.1,234.4,1005.5,99.2,20.9,7.0,05:34:59,18:11:08,"Rain, Overcast",Cloudy skies throughout the day with rain.
2024-08-28,31.4,24.7,27.1,29.3,87.0,24.7,5.4,100.0,0.0,31.0,6.1,299.3,1005.5,99.7,19.2,6.0,05:35:13,18:10:19,"Rain, Overcast",Cloudy skies throughout the day with rain.
2024-08-29,28.5,24.3,26.1,27.1,90.6,24.4,12.1,100.0,0.0,30.6,10.4,16.3,1004.1,98.8,20.5,3.0,05:35:27,18:09:28,"Rain, Overcast",Cloudy skies throughout the day with a chance of rain throughout the day.
2024-08-30,30.5,24.4,27.0,29.4,86.5,24.4,4.0,100.0,0.0,42.8,15.5,41.9,1003.6,81.0,19.1,7.0,05:35:41,18:08:38,"Rain, Partially cloudy",Partly cloudy throughout the day with a chance of rain throughout the day.
2024-08-31,29.3,25.1,26.6,28.1,90.9,25.0,8.7,100.0,0.0,48.2,20.5,63.8,1002.1,87.7,18.1,7.0,05:35:55,18:07:47,"Rain, Partially cloudy",Partly cloudy throughout the day with a chance of rain throughout the day.
2024-09-01,29.1,24.5,26.2,27.9,92.9,25.0,8.5,100.0,0.0,44.3,19.1,123.8,1002.9,95.3,13.3,6.0,05:36:09,18:06:55,"Rain, Overcast",Cloudy skies throughout the day with a chance of rain throughout the day.
2024-09-02,30.0,24.9,27.0,29.5,88.8,24.9,3.6,100.0,0.0,37.1,15.1,132.8,1004.5,87.3,20.3,8.0,05:36:22,18:06:03,"Rain, Partially cloudy",Partly cloudy throughout the day with a chance of rain throughout the day.
2024-09-03,31.0,24.3,27.3,29.9,85.9,24.6,2.2,100.0,0.0,31.0,13.0,146.0,1006.0,73.4,21.3,7.0,05:36:35,18:05:11,"Rain, Partially cloudy",Partly cloudy throughout the day with rain in the morning and afternoon.
2024-09-04,31.2,25.1,27.7,30.4,83.6,24.5,0.8,100.0,0.0,27.4,11.2,143.0,1004.5,73.6,23.6,7.0,05:36:48,18:04:19,"Rain, Partially cloudy",Partly cloudy throughout the day with rain in the morning and afternoon.
2024-09-05,31.7,25.2,27.7,30.5,84.4,24.7,19.1,100.0,0.0,24.1,9.7,356.3,1002.8,78.3,21.9,7.0,05:37:01,18:03:26,"Rain, Partially cloudy",Partly cloudy throughout the day with rain.
2024-09-06,31.6,24.5,27.9,31.3,83.7,24.8,0.7,100.0,0.0,24.1,8.3,38.9,1003.5,50.9,22.8,7.0,05:37:14,18:02:32,"Rain, Partially cloudy",Partly cloudy throughout the day with rain.
2024-09-07,31.8,25.1,27.8,31.1,85.1,25.0,5.5,100.0,0.0,35.6,11.5,357.5,1003.3,95.2,22.0,8.0,05:37:27,18:01:39,"Rain, Overcast",Cloudy skies throughout the day with a chance of rain throughout the day.
2024-09-08,29.0,25.0,26.9,28.7,87.8,24.6,15.9,100.0,0.0,40.0,13.7,2.9,1001.5,95.1,18.3,5.0,05:37:39,18:00:45,"Rain, Overcast",Cloudy skies throughout the day with a chance of rain throughout the day.
2024-09-09,27.5,25.2,26.4,28.1,90.9,24.8,6.3,100.0,0.0,29.9,15.8,341.9,996.9,97.8,20.1,5.0,05:37:52,17:59:51,"Rain, Overcast",Cloudy skies throughout the day with a chance of rain throughout the day.
2024-09-10,31.4,25.7,28.0,31.7,85.1,25.2,1.3,100.0,0.0,38.5,14.0,204.4,998.9,99.5,23.0,7.0,05:38:04,17:58:56,"Rain, Overcast",Cloudy skies throughout the day with rain.
2024-09-11,32.4,25.8,28.5,33.0,82.9,25.2,1.9,100.0,0.0,28.4,11.9,225.7,1002.7,99.1,23.7,6.0,05:38:16,17:58:02,"Rain, Overcast",Cloudy skies throughout the day with rain.
2024-09-12,32.7,24.8,28.7,32.8,80.9,24.9,0.0,0.0,0.0,28.8,11.9,268.1,1004.4,98.2,23.7,7.0,05:38:29,17:57:07,Overcast,Cloudy skies throughout the day.
2024-09-13,31.5,26.0,28.3,32.0,81.4,24.7,1.3,100.0,0.0,30.6,14.0,288.4,1003.6,100.0,24.1,6.0,05:38:41,17:56:12,"Rain, Overcast",Cloudy skies throughout the day with rain.
2024-09-14,30.3,26.3,27.8,30.8,79.9,24.0,1.4,100.0,0.0,40.7,15.8,292.0,1001.8,100.0,24.1,5.0,05:38:53,17:55:18,"Rain, Overcast",Cloudy skies throughout the day with rain.
2024-09-15,28.9,26.1,27.6,30.1,75.8,23.0,2.7,100.0,0.0,48.2,20.9,284.9,1001.3,98.5,24.1,6.0,05:39:06,17:54:22,"Rain, Overcast",Cloudy skies throughout the day with rain.
2024-09-16,28.3,25.4,27.0,29.2,80.9,23.4,3.8,100.0,0.0,38.2,15.5,259.2,1001.1,99.8,24.0,3.0,05:39:18,17:53:27,"Rain, Overcast",Cloudy skies throughout the day with a chance of rain throughout the day.
2024-09-17,28.9,23.9,26.5,28.3,86.4,24.0,16.5,100.0,0.0,25.6,7.2,197.0,1003.1,97.1,20.8,5.0,05:39:30,17:52:32,"Rain, Overcast",Cloudy skies throughout the day with a chance of rain throughout the day.
2024-09-18,30.8,24.6,27.3,30.0,85.7,24.6,1.9,100.0,0.0,24.1,7.6,5.0,1004.6,61.9,21.6,7.0,05:39:43,17:51:37,"Rain, Partially cloudy",Partly cloudy throughout the day with rain.
2024-09-19,31.0,24.2,27.3,30.4,86.9,24.9,13.0,100.0,0.0,23.4,6.1,340.9,1005.2,89.5,21.9,6.0,05:39:55,17:50:42,"Rain, Partially cloudy",Partly cloudy throughout the day with rain.
2024-09-20,33.3,24.1,27.9,31.1,83.2,24.6,6.2,100.0,0.0,22.3,7.6,340.0,1005.0,45.8,21.5,8.0,05:40:08,17:49:47,"Rain, Partially cloudy",Partly cloudy throughout the day with rain.
2024-09-21,32.3,24.7,27.8,30.9,81.8,24.3,3.7,100.0,0.0,25.6,10.4,13.9,1005.5,89.4,22.1,9.0,05:40:20,17:48:51,"Rain, Partially cloudy",Partly cloudy throughout the day with rain.
2024-09-22,31.7,24.2,27.5,30.2,82.7,24.2,5.3,100.0,0.0,31.0,8.6,10.8,1004.6,80.9,16.7,8.0,05:40:33,17:47:56,"Rain, Partially cloudy",Partly cloudy throughout the day with rain.
2024-09-23,30.4,24.6,26.8,28.8,88.3,24.6,16.5,100.0,0.0,30.6,8.3,7.9,1004.8,87.9,20.5,7.0,05:40:46,17:47:01,"Rain, Partially cloudy",Partly cloudy throughout the day with rain.
2024-09-24,30.3,23.7,26.6,28.8,88.4,24.5,7.7,100.0,0.0,25.9,6.5,3.2,1003.5,100.0,19.7,6.0,05:40:59,17:46:07,"Rain, Overcast",Cloudy skies throughout the day with rain.
2024-09-25,29.6,25.0,26.3,27.1,91.9,24.9,18.8,100.0,0.0,30.6,11.2,173.8,1003.5,100.0,20.1,4.0,05:41:12,17:45:12,"Rain, Overcast",Cloudy skies throughout the day with a chance of rain throughout the day.
2024-09-26,28.5,24.6,26.1,27.1,94.5,25.2,13.8,100.0,0.0,38.5,13.3,162.4,1004.9,100.0,19.9,5.0,05:41:25,17:44:17,"Rain, Overcast",Cloudy skies throughout the day with a chance of rain throughout the day.
2024-09-27,30.2,24.4,26.5,28.6,92.2,25.1,2.6,100.0,0.0,33.1,11.2,164.3,1007.4,99.8,22.8,6.0,05:41:38,17:43:23,"Rain, Overcast",Cloudy skies throughout the day with rain.
2024-09-28,31.7,23.7,27.6,31.0,85.9,24.8,0.7,100.0,0.0,20.2,7.6,204.9,1009.3,84.3,24.0,7.0,05:41:52,17:42:29,"Rain, Partially cloudy",Partly cloudy throughout the day with rain in the morning and afternoon.
2024-09-29,31.8,24.8,28.3,32.7,84.1,25.3,3.2,100.0,0.0,18.0,5.0,243.5,1009.9,52.8,23.2,7.0,05:42:06,17:41:35,"Rain, Partially cloudy",Partly cloudy throughout the day with rain.
2024-09-30,33.5,24.7,28.6,33.0,82.7,25.2,4.0,100.0,0.0,18.4,5.8,266.4,1009.2,37.4,23.5,7.0,05:42:20,17:40:42,"Rain, Partially cloudy",Partly cloudy throughout the day with rain in the morning and afternoon.
2024-10-01,33.9,24.8,29.1,34.2,81.5,25.4,3.7,100.0,0.0,26.6,10.1,283.5,1007.0,55.2,24.1,8.0,05:42:34,17:39:48,"Rain, Partially cloudy",Clearing in the afternoon with afternoon rain.
2024-10-02,32.4,25.1,27.9,30.8,81.5,24.3,1.9,100.0,0.0,20.2,12.6,298.4,1006.1,97.6,22.7,8.0,05:42:49,17:38:55,"Rain, Overcast",Cloudy skies throughout the day with rain in the morning and afternoon.
2024-10-03,33.6,24.5,28.4,31.4,75.6,23.5,0.0,0.0,0.0,40.3,15.1,293.2,1005.0,58.5,24.1,8.0,05:43:04,17:38:03,Partially cloudy,Partly cloudy throughout the day.
2024-10-04,33.6,24.3,28.6,31.9,77.1,24.0,0.0,0.0,0.0,28.1,11.2,301.2,1006.1,74.0,24.1,8.0,05:43:19,17:37:11,Partially cloudy,Partly cloudy throughout the day.
2024-10-05,32.8,23.5,27.4,28.9,72.6,21.7,0.5,100.0,0.0,11.9,7.9,288.8,1007.8,64.1,24.1,9.0,05:43:34,17:36:19,"Rain, Partially cloudy",Partly cloudy throughout the day with rain.
2024-10-06,31.6,23.4,27.3,29.5,75.9,22.5,0.7,100.0,0.0,22.7,7.6,46.4,1010.1,75.5,23.5,7.0,05:43:50,17:35:27,"Rain, Partially cloudy",Partly cloudy throughout the day with rain.
2024-10-07,30.7,23.6,26.7,28.9,86.1,24.1,5.6,100.0,0.0,23.0,7.9,131.4,1012.5,67.7,22.4,8.0,05:44:06,17:34:37,"Rain, Partially cloudy",Partly cloudy throughout the day with rain.
2024-10-08,31.0,24.4,27.2,29.7,85.4,24.4,2.9,100.0,0.0,21.6,7.6,160.6,1013.0,61.9,23.2,7.0,05:44:22,17:33:46,"Rain, Partially cloudy",Partly cloudy throughout the day with rain.
2024-10-09,32.3,23.4,27.4,30.0,80.2,23.5,0.0,0.0,0.0,23.4,8.3,180.4,1011.3,28.1,24.1,8.0,05:44:39,17:32:56,Partially cloudy,Partly cloudy throughout the day.
2024-10-10,32.0,23.1,27.3,29.4,78.7,23.0,0.0,0.0,0.0,19.4,7.2,185.0,1010.2,44.1,24.1,9.0,05:44:56,17:32:07,Partially cloudy,Partly cloudy throughout the day.
2024-10-11,32.3,22.3,27.5,30.0,79.6,23.4,0.0,0.0,0.0,19.4,6.8,194.3,1010.1,29.6,24.1,8.0,05:45:14,17:31:18,Partially cloudy,Partly cloudy throughout the day.
2024-10-12,32.9,23.1,27.8,30.2,78.1,23.3,0.0,0.0,0.0,17.6,7.2,181.8,1010.8,48.4,24.1,8.0,05:45:31,17:30:30,Partially cloudy,Partly cloudy throughout the day.
2024-10-13,30.6,22.8,26.4,27.7,79.0,22.2,0.1,100.0,0.0,9.7,7.2,174.8,1011.2,44.3,24.1,9.0,05:45:50,17:29:42,"Rain, Partially cloudy",Partly cloudy throughout the day with afternoon rain.
2024-10-14,31.7,22.9,27.1,29.6,81.3,23.5,0.2,100.0,0.0,23.8,9.0,94.6,1011.3,43.7,24.1,7.0,05:46:08,17:28:55,"Rain, Partially cloudy",Clearing in the afternoon with afternoon rain.
2024-10-15,31.7,23.2,27.3,29.7,81.8,23.7,0.5,100.0,0.0,22.0,6.5,130.3,1010.8,43.9,24.1,8.0,05:46:28,17:28:09,"Rain, Partially cloudy",Clearing in the afternoon with afternoon rain.
2024-10-16,31.3,23.6,27.1,29.4,83.2,23.9,1.8,100.0,0.0,25.6,9.7,136.8,1010.6,63.1,23.1,7.0,05:46:47,17:27:23,"Rain, Partially cloudy",Partly cloudy throughout the day with rain in the morning and afternoon.
2024-10-17,31.8,23.6,27.2,30.0,85.4,24.4,3.6,100.0,0.0,25.9,9.4,155.9,1010.8,68.3,23.9,7.0,05:47:07,17:26:39,"Rain, Partially cloudy",Partly cloudy throughout the day with rain in the morning and afternoon.
2024-10-18,31.3,23.3,27.5,30.7,85.3,24.7,3.2,100.0,0.0,23.4,8.3,167.1,1010.6,56.3,23.4,7.0,05:47:28,17:25:54,"Rain, Partially cloudy",Partly cloudy throughout the day with rain.
2024-10-19,32.3,24.1,27.4,29.7,81.8,23.8,4.7,100.0,0.0,19.8,6.8,157.2,1011.5,57.2,24.1,7.0,05:47:49,17:25:11,"Rain, Partially cloudy",Partly cloudy throughout the day with rain.
2024-10-20,28.7,22.7,25.5,26.4,88.4,23.4,12.8,100.0,0.0,17.6,5.8,349.9,1012.6,94.7,20.9,4.0,05:48:10,17:24:28,"Rain, Overcast",Cloudy skies throughout the day with a chance of rain throughout the day.
2024-10-21,30.8,22.3,25.7,26.5,77.1,21.0,0.0,0.0,0.0,13.0,8.6,10.0,1012.0,57.0,24.1,9.0,05:48:32,17:23:47,Partially cloudy,Partly cloudy throughout the day.
2024-10-22,31.1,21.6,25.5,26.1,71.9,19.8,0.0,0.0,0.0,26.3,10.4,344.8,1011.5,23.1,24.1,8.0,05:48:55,17:23:06,Partially cloudy,Partly cloudy throughout the day.
2024-10-23,29.6,21.1,25.3,26.0,72.8,19.9,0.0,0.0,0.0,36.4,15.8,336.7,1009.3,96.7,24.1,8.0,05:49:18,17:22:26,Overcast,Cloudy skies throughout the day.
2024-10-24,26.3,23.7,25.0,25.0,83.4,22.0,8.0,100.0,0.0,51.1,23.4,325.0,1005.4,99.7,23.9,4.0,05:49:41,17:21:47,"Rain, Overcast",Cloudy skies throughout the day with a chance of rain throughout the day.
2024-10-25,26.1,23.8,25.1,25.1,86.0,22.6,5.4,100.0,0.0,43.2,19.1,307.6,1004.8,99.9,23.2,2.0,05:50:06,17:21:08,"Rain, Overcast",Cloudy skies throughout the day with rain in the morning and afternoon.
2024-10-26,25.8,23.4,24.6,24.6,85.8,22.1,11.7,100.0,0.0,34.9,14.0,303.0,1006.9,94.7,24.1,2.0,05:50:30,17:20:31,"Rain, Overcast",Cloudy skies throughout the day with rain in the morning and afternoon.
2024-10-27,29.6,23.1,25.8,26.8,86.7,23.3,1.5,100.0,0.0,18.7,6.1,127.5,1007.7,69.0,24.1,6.0,05:50:55,17:19:55,"Rain, Partially cloudy",Partly cloudy throughout the day with rain in the morning and afternoon.
2024-10-28,29.8,22.9,25.7,26.9,83.6,22.6,5.7,100.0,0.0,9.4,11.5,71.0,1007.7,39.0,22.8,8.0,05:51:21,17:19:20,"Rain, Partially cloudy",Becoming cloudy in the afternoon with rain.
2024-10-29,29.3,22.3,25.7,26.9,88.3,23.6,1.5,100.0,0.0,22.0,6.8,238.3,1009.3,65.6,23.0,6.0,05:51:47,17:18:45,"Rain, Partially cloudy",Partly cloudy throughout the day with rain.
2024-10-30,30.3,23.2,26.4,28.0,84.6,23.5,1.0,100.0,0.0,23.4,9.0,154.3,1010.8,27.1,24.1,6.0,05:52:14,17:18:12,"Rain, Partially cloudy",Partly cloudy throughout the day with afternoon rain.
2024-10-31,31.5,22.6,26.6,28.5,83.6,23.4,0.0,0.0,0.0,15.1,5.4,228.1,1011.8,26.4,23.0,7.0,05:52:41,17:17:40,Partially cloudy,Clearing in the afternoon.
2024-11-01,29.9,22.8,26.1,27.7,86.1,23.4,1.0,100.0,0.0,20.2,7.2,316.0,1012.9,24.6,22.6,7.0,05:53:09,17:17:09,"Rain, Partially cloudy",Partly cloudy throughout the day with rain.
2024-11-02,30.9,21.1,25.9,26.9,78.1,21.5,0.0,0.0,0.0,18.4,6.1,57.1,1013.7,5.1,24.1,8.0,05:53:37,17:16:39,Clear,Clear conditions throughout the day.
2024-11-03,30.4,19.7,25.7,26.4,71.5,19.8,0.0,0.0,0.0,14.8,5.0,242.1,1013.8,8.2,24.1,7.0,05:54:06,17:16:10,Clear,Clear conditions throughout the day.
2024-11-04,30.6,18.8,25.3,25.7,69.4,19.0,0.0,0.0,0.0,15.8,6.1,206.0,1012.8,12.4,24.1,8.0,05:54:36,17:15:42,Clear,Clear conditions throughout the day.
2024-11-05,29.8,18.9,25.0,25.4,73.0,19.6,0.0,0.0,0.0,21.2,7.2,87.8,1013.5,10.6,24.1,8.0,05:55:06,17:15:15,Clear,Clear conditions throughout the day.
2024-11-06,29.8,20.1,25.0,25.7,80.8,21.3,0.4,100.0,0.0,24.5,9.0,33.5,1013.8,33.7,23.9,7.0,05:55:36,17:14:50,"Rain, Partially cloudy",Partly cloudy throughout the day with afternoon rain.
2024-11-07,29.8,21.3,25.2,26.1,81.5,21.6,0.0,0.0,0.0,22.7,6.8,46.5,1013.8,32.0,24.1,7.0,05:56:07,17:14:26,Partially cloudy,Partly cloudy throughout the day.
2024-11-08,29.7,20.3,24.9,25.3,80.8,21.2,0.0,0.0,0.0,21.6,7.6,35.6,1013.8,23.9,24.1,7.0,05:56:39,17:14:02,Partially cloudy,Partly cloudy throughout the day.
2024-11-09,29.3,19.5,24.7,25.1,78.6,20.5,0.0,0.0,0.0,22.3,6.8,30.8,1013.7,9.3,24.1,8.0,05:57:11,17:13:41,Clear,Clear conditions throughout the day.
2024-11-10,29.3,18.9,24.2,24.6,77.6,19.8,0.0,0.0,0.0,25.9,10.4,25.7,1013.6,5.2,24.1,8.0,05:57:43,17:13:20,Clear,Clear conditions throughout the day.
2024-11-11,28.7,18.3,23.7,23.9,74.0,18.5,0.0,0.0,0.0,25.6,9.7,23.2,1013.3,52.9,24.1,8.0,05:58:16,17:13:01,Partially cloudy,Partly cloudy throughout the day.
2024-11-12,28.8,19.9,24.6,24.9,72.4,19.2,0.0,0.0,0.0,25.2,9.0,35.7,1013.2,96.9,24.1,7.0,05:58:50,17:12:43,Overcast,Cloudy skies throughout the day.
2024-11-13,28.8,20.9,24.9,25.2,74.0,19.8,0.0,0.0,0.0,22.0,8.6,55.3,1012.6,67.1,24.1,7.0,05:59:24,17:12:26,Partially cloudy,Partly cloudy throughout the day.
2024-11-14,29.5,18.9,24.3,24.6,74.6,19.3,0.0,0.0,0.0,20.9,7.6,29.7,1014.0,19.3,24.1,8.0,05:59:58,17:12:10,Clear,Clear conditions throughout the day.
2024-11-15,29.4,18.2,22.8,22.8,74.3,17.6,0.0,0.0,0.0,17.6,6.8,358.5,1014.1,22.9,24.1,8.0,06:00:33,17:11:56,Partially cloudy,Partly cloudy throughout the day.
2024-11-16,28.4,16.7,22.4,22.4,69.7,16.2,0.0,0.0,0.0,19.4,7.2,358.9,1013.3,0.1,24.1,8.0,06:01:08,17:11:43,Clear,Clear conditions throughout the day.
2024-11-17,28.5,15.7,21.5,21.3,58.8,12.2,0.0,0.0,0.0,10.8,7.6,348.4,1013.5,41.2,24.1,8.0,06:01:43,17:11:32,Partially cloudy,Partly cloudy throughout the day.
2024-11-18,27.9,16.3,21.5,21.5,62.2,13.6,0.0,0.0,0.0,24.8,8.3,353.7,1013.9,1.3,24.1,8.0,06:02:19,17:11:21,Clear,Clear conditions throughout the day.
2024-11-19,27.2,14.9,20.4,20.4,71.6,14.7,0.0,0.0,0.0,20.2,6.8,348.8,1014.8,0.0,24.1,8.0,06:02:56,17:11:12,Clear,Clear conditions throughout the day.
2024-11-20,26.9,14.0,20.1,20.1,72.5,14.6,0.0,0.0,0.0,19.8,6.8,12.0,1014.3,0.3,24.1,8.0,06:03:32,17:11:05,Clear,Clear conditions throughout the day.
2024-11-21,26.6,14.4,20.1,20.1,71.8,14.4,0.0,0.0,0.0,18.7,5.8,4.9,1014.1,0.1,24.1,8.0,06:04:09,17:10:58,Clear,Clear conditions throughout the day.
2024-11-22,27.2,14.7,20.3,20.2,61.9,12.1,0.0,0.0,0.0,10.1,11.2,1.9,1013.8,1.2,24.1,8.0,06:04:46,17:10:54,Clear,Clear conditions throughout the day.
2024-11-23,27.1,15.9,20.6,20.6,70.4,14.8,0.0,0.0,0.0,16.2,8.3,354.6,1015.0,21.3,24.1,7.0,06:05:23,17:10:50,Partially cloudy,Partly cloudy throughout the day.
2024-11-24,26.7,14.8,20.7,20.7,69.2,14.6,0.0,0.0,0.0,16.6,6.8,17.4,1015.1,66.2,24.1,8.0,06:06:01,17:10:48,Partially cloudy,Partly cloudy throughout the day.
2024-11-25,26.0,14.3,20.2,20.2,71.9,14.8,0.0,0.0,0.0,23.8,8.3,23.1,1015.0,83.9,24.1,7.0,06:06:39,17:10:47,Partially cloudy,Partly cloudy throughout the day.
2024-11-26,26.4,13.8,19.7,19.7,73.2,14.4,0.0,0.0,0.0,24.8,8.6,10.9,1014.6,60.2,24.1,8.0,06:07:16,17:10:47,Partially cloudy,Partly cloudy throughout the day.
2024-11-27,25.7,13.1,19.1,19.1,71.2,13.4,0.0,0.0,0.0,29.5,12.6,12.7,1013.7,95.1,24.1,7.0,06:07:54,17:10:49,Overcast,Cloudy skies throughout the day.
2024-11-28,25.8,13.6,20.0,20.0,69.2,13.8,0.0,0.0,0.0,31.0,12.6,24.2,1013.8,98.0,24.1,7.0,06:08:33,17:10:52,Overcast,Cloudy skies throughout the day.
2024-11-29,23.5,19.9,21.0,21.0,77.7,16.8,7.5,100.0,0.0,31.3,13.7,26.0,1013.9,99.1,24.0,2.0,06:09:11,17:10:56,"Rain, Overcast",Cloudy skies throughout the day with rain.
2024-11-30,23.2,19.3,21.1,21.1,90.9,19.5,2.2,100.0,0.0,22.3,9.0,31.0,1013.0,99.7,23.6,2.0,06:09:49,17:11:02,"Rain, Overcast",Cloudy skies throughout the day with a chance of rain throughout the day.
2024-12-01,22.4,20.1,21.3,21.3,84.6,18.6,1.6,100.0,0.0,18.4,6.8,30.8,1011.8,95.0,23.4,2.0,06:10:27,17:11:09,"Rain, Overcast",Cloudy skies throughout the day with rain.
2024-12-02,22.9,20.2,21.3,21.3,85.5,18.8,1.8,100.0,0.0,20.2,6.1,36.0,1012.3,87.2,23.7,2.0,06:11:05,17:11:18,"Rain, Partially cloudy",Partly cloudy throughout the day with a chance of rain throughout the day.
2024-12-03,26.4,19.9,23.1,23.1,78.6,19.1,2.0,100.0,0.0,17.6,5.4,60.5,1013.9,64.3,24.1,6.0,06:11:43,17:11:27,"Rain, Partially cloudy",Partly cloudy throughout the day with rain clearing later.
2024-12-04,28.7,20.3,23.8,24.0,78.7,19.7,0.0,0.0,0.0,18.4,7.2,168.4,1013.4,16.3,24.1,7.0,06:12:21,17:11:38,Clear,Clear conditions throughout the day.
2024-12-05,28.1,20.0,23.6,23.9,81.7,20.1,1.1,100.0,0.0,18.4,6.5,205.6,1013.5,21.8,24.1,6.0,06:12:59,17:11:50,"Rain, Partially cloudy",Becoming cloudy in the afternoon with rain.
2024-12-06,30.3,18.5,24.1,24.6,78.5,19.8,0.0,0.0,0.0,23.0,8.6,298.6,1012.5,14.2,24.1,7.0,06:13:37,17:12:04,Clear,Clear conditions throughout the day.
2024-12-07,27.2,18.8,22.6,22.7,87.0,20.2,2.0,100.0,0.0,20.9,5.8,126.2,1012.7,48.9,24.1,5.0,06:14:14,17:12:18,"Rain, Partially cloudy",Partly cloudy throughout the day with rain.
2024-12-08,25.3,21.3,22.5,22.5,92.4,21.2,11.6,100.0,0.0,20.5,6.5,121.7,1013.0,96.0,20.4,5.0,06:14:51,17:12:34,"Rain, Overcast",Cloudy skies throughout the day with rain.
2024-12-09,28.2,20.6,23.4,23.8,88.0,21.2,1.9,100.0,0.0,28.4,8.3,177.6,1012.8,96.8,21.2,5.0,06:15:28,17:12:51,"Rain, Overcast",Cloudy skies throughout the day with a chance of rain throughout the day.
2024-12-10,27.2,18.8,22.1,22.2,84.0,19.1,0.1,100.0,0.0,20.9,7.9,349.9,1013.3,91.6,24.0,7.0,06:16:04,17:13:09,"Rain, Overcast",Cloudy skies throughout the day with morning rain.
2024-12-11,26.1,16.9,20.7,20.7,78.6,16.6,0.0,0.0,0.0,19.1,7.2,32.8,1015.1,84.0,24.1,7.0,06:16:41,17:13:29,Partially cloudy,Partly cloudy throughout the day.
2024-12-12,26.0,14.5,20.0,20.0,76.6,15.5,0.0,0.0,0.0,17.3,7.2,21.3,1014.1,75.2,24.1,7.0,06:17:16,17:13:49,Partially cloudy,Partly cloudy throughout the day.
2024-12-13,25.7,13.3,19.1,19.1,74.1,13.9,0.0,0.0,0.0,17.3,6.5,2.2,1014.7,49.2,24.1,8.0,06:17:52,17:14:11,Partially cloudy,Partly cloudy throughout the day.
2024-12-14,25.5,12.6,18.7,18.7,73.0,13.3,0.0,0.0,0.0,20.9,7.2,13.5,1016.0,5.7,24.1,8.0,06:18:26,17:14:33,Clear,Clear conditions throughout the day.
2024-12-15,25.2,11.8,17.7,17.7,73.3,12.4,0.0,0.0,0.0,19.8,5.8,4.5,1016.9,0.0,24.1,8.0,06:19:01,17:14:57,Clear,Clear conditions throughout the day.
2024-12-16,25.0,10.5,17.7,17.7,69.8,11.6,0.0,0.0,0.0,19.8,7.2,5.2,1015.8,9.8,24.1,8.0,06:19:34,17:15:22,Clear,Clear conditions throughout the day.
2024-12-17,25.7,11.7,18.8,18.8,69.1,12.7,0.0,0.0,0.0,17.3,7.2,359.6,1014.6,73.6,24.1,7.0,06:20:08,17:15:47,Partially cloudy,Partly cloudy throughout the day.
2024-12-18,25.3,16.0,20.2,20.2,76.0,15.6,1.3,100.0,0.0,15.1,5.8,357.4,1014.0,94.5,24.1,4.0,06:20:40,17:16:14,"Rain, Overcast",Cloudy skies throughout the day with rain.
2024-12-19,25.0,18.4,20.8,20.8,81.9,17.5,3.6,100.0,0.0,21.6,6.8,33.3,1014.5,98.7,22.5,6.0,06:21:12,17:16:42,"Rain, Overcast",Cloudy skies throughout the day with rain.
2024-12-20,19.3,18.0,18.7,18.7,92.6,17.5,34.0,100.0,0.0,16.6,5.8,20.5,1013.9,99.9,18.7,1.0,06:21:43,17:17:10,"Rain, Overcast",Cloudy skies throughout the day with a chance of rain throughout the day.
2024-12-21,19.6,16.6,18.5,18.5,94.2,17.5,13.0,100.0,0.0,18.4,7.9,27.9,1014.1,90.5,21.7,2.0,06:22:14,17:17:40,"Rain, Overcast",Cloudy skies throughout the day with a chance of rain throughout the day.
2024-12-22,23.7,14.6,19.1,19.1,89.3,17.2,0.0,0.0,0.0,23.0,8.6,28.9,1014.4,87.9,24.1,7.0,06:22:43,17:18:10,Partially cloudy,Partly cloudy throughout the day.
2024-12-23,22.5,15.9,19.6,19.6,85.8,17.1,0.3,100.0,0.0,20.5,7.6,28.0,1014.9,86.2,24.1,4.0,06:23:12,17:18:41,"Rain, Partially cloudy",Partly cloudy throughout the day with late afternoon rain.
2024-12-24,20.3,18.0,19.3,19.3,85.9,16.8,5.9,100.0,0.0,11.5,5.0,337.9,1015.6,97.1,23.1,2.0,06:23:40,17:19:13,"Rain, Overcast",Cloudy skies throughout the day with a chance of rain throughout the day.
2024-12-25,19.8,17.4,18.9,18.9,95.5,18.2,14.9,100.0,0.0,15.8,5.4,34.0,1017.1,95.4,20.4,4.0,06:24:07,17:19:45,"Rain, Overcast",Cloudy skies throughout the day with a chance of rain throughout the day.
2024-12-26,24.7,18.9,21.3,21.3,88.4,19.2,0.3,100.0,0.0,18.7,6.1,86.4,1018.8,66.3,24.1,6.0,06:24:33,17:20:19,"Rain, Partially cloudy",Partly cloudy throughout the day with early morning rain.
2024-12-27,26.0,17.6,21.7,21.7,75.9,16.9,0.0,0.0,0.0,24.1,9.0,89.6,1019.1,17.2,24.1,7.0,06:24:59,17:20:53,Clear,Clear conditions throughout the day.
2024-12-28,26.5,16.2,21.1,21.1,69.2,15.1,0.0,0.0,0.0,18.4,6.5,222.7,1017.7,1.0,24.1,7.0,06:25:23,17:21:27,Clear,Clear conditions throughout the day.
2024-12-29,27.8,16.1,21.8,21.9,73.5,16.6,0.0,0.0,0.0,14.4,5.0,311.1,1017.1,7.0,24.1,7.0,06:25:46,17:22:02,Clear,Clear conditions throughout the day.
2024-12-30,26.3,16.5,21.7,21.7,80.8,18.1,0.6,100.0,0.0,17.3,6.8,320.5,1017.0,15.8,24.1,7.0,06:26:09,17:22:38,Rain,Clear conditions throughout the day with rain.
2024-12-31,26.9,16.7,21.2,21.2,83.4,18.0,0.1,100.0,0.0,15.8,5.4,343.0,1017.1,26.8,24.1,6.0,06:26:30,17:23:14,"Rain, Partially cloudy",Partly cloudy throughout the day with afternoon rain.
2025-01-01,25.6,14.4,19.4,19.4,73.6,14.1,0.0,0.0,0.0,17.6,5.8,330.2,1015.8,19.2,24.1,7.0,06:26:50,17:23:51,Clear,Clear conditions throughout the day.
2025-01-02,25.7,11.6,18.3,18.3,74.5,13.3,0.0,0.0,0.0,16.2,6.8,329.9,1015.5,42.0,24.1,8.0,06:27:10,17:24:28,Partially cloudy,Becoming cloudy in the afternoon.
2025-01-03,25.2,11.8,18.0,18.0,79.3,14.2,0.0,0.0,0.0,17.3,6.1,311.9,1015.8,50.9,24.1,8.0,06:27:28,17:25:06,Partially cloudy,Partly cloudy throughout the day.
2025-01-04,25.4,12.9,18.9,18.9,76.9,14.6,0.0,0.0,0.0,15.5,5.0,348.3,1014.6,32.8,24.1,8.0,06:27:45,17:25:44,Partially cloudy,Becoming cloudy in the afternoon.
2025-01-05,24.7,15.1,19.4,19.4,80.5,15.9,0.0,0.0,0.0,20.9,7.6,163.6,1015.0,4.1,24.1,8.0,06:28:00,17:26:22,Clear,Clear conditions throughout the day.
2025-01-06,25.3,13.9,19.3,19.3,85.2,16.5,0.0,0.0,0.0,18.4,5.4,259.2,1014.3,32.0,24.1,7.0,06:28:15,17:27:01,Partially cloudy,Clearing in the afternoon.
2025-01-07,26.5,13.5,19.5,19.5,75.8,14.6,0.0,0.0,0.0,22.0,8.3,320.9,1013.6,0.0,1650.4,8.0,06:28:28,17:27:40,Clear,Clear conditions throughout the day.
2025-01-08,25.8,12.9,18.9,18.9,67.9,12.3,0.0,0.0,0.0,17.6,7.9,331.1,1014.3,0.0,24.1,8.0,06:28:40,17:28:19,Clear,Clear conditions throughout the day.
2025-01-09,24.1,11.6,18.2,18.2,70.0,12.4,0.0,0.0,0.0,18.0,7.2,37.3,1016.7,0.2,24.1,8.0,06:28:51,17:28:58,Clear,Clear conditions throughout the day.
2025-01-10,23.4,12.3,18.1,18.1,77.5,13.9,0.0,0.0,0.0,22.3,7.6,141.5,1018.5,1.9,24.1,8.0,06:29:01,17:29:38,Clear,Clear conditions throughout the day.
2025-01-11,23.6,12.3,18.0,18.0,78.1,13.9,0.0,0.0,0.0,20.2,6.1,180.5,1018.3,73.8,24.1,8.0,06:29:10,17:30:17,Partially cloudy,Partly cloudy throughout the day.
2025-01-12,24.3,13.3,18.1,18.1,78.4,14.1,0.0,0.0,0.0,20.5,8.3,194.7,1017.4,62.6,24.1,8.0,06:29:17,17:30:57,Partially cloudy,Partly cloudy throughout the day.
2025-01-13,25.8,13.8,19.5,19.5,78.1,15.4,0.0,0.0,0.0,20.5,7.6,173.7,1015.4,8.5,24.1,8.0,06:29:23,17:31:37,Clear,Clear conditions throughout the day.
2025-01-14,24.9,14.8,19.5,19.5,81.4,16.1,0.0,0.0,0.0,21.6,7.9,137.6,1017.2,34.7,24.1,7.0,06:29:28,17:32:16,Partially cloudy,Becoming cloudy in the afternoon.
2025-01-15,24.2,14.8,19.8,19.8,77.3,15.5,0.0,0.0,0.0,19.8,7.6,38.9,1018.3,56.7,24.1,7.0,06:29:31,17:32:56,Partially cloudy,Partly cloudy throughout the day.
2025-01-16,24.8,14.7,19.7,19.7,77.0,15.4,0.0,0.0,0.0,18.7,7.9,84.0,1017.4,23.5,24.1,8.0,06:29:33,17:33:36,Partially cloudy,Partly cloudy throughout the day.
2025-01-17,24.9,13.9,19.5,19.5,73.0,14.2,0.0,0.0,0.0,21.6,7.6,34.2,1016.6,0.1,24.1,8.0,06:29:34,17:34:15,Clear,Clear conditions throughout the day.
2025-01-18,24.8,12.3,19.1,19.1,69.2,13.0,0.0,0.0,0.0,20.9,7.2,17.8,1016.1,10.3,24.1,8.0,06:29:33,17:34:55,Clear,Clear conditions throughout the day.
2025-01-19,26.7,12.9,19.3,19.3,67.9,12.7,0.0,0.0,0.0,20.2,6.5,334.4,1015.3,0.0,24.1,8.0,06:29:32,17:35:34,Clear,Clear conditions throughout the day.
2025-01-20,28.5,11.8,19.4,19.3,61.5,10.9,0.0,0.0,0.0,19.1,8.6,314.4,1013.5,0.0,24.1,8.0,06:29:29,17:36:13,Clear,Clear conditions throughout the day.
2025-01-21,28.6,11.6,20.1,20.1,61.8,12.1,0.0,0.0,0.0,15.1,7.9,293.5,1012.8,2.6,24.1,8.0,06:29:24,17:36:52,Clear,Clear conditions throughout the day.
2025-01-22,28.7,13.8,21.1,21.1,70.1,15.0,0.0,0.0,0.0,15.1,9.0,222.0,1013.0,0.0,24.1,8.0,06:29:19,17:37:31,Clear,Clear conditions throughout the day.
2025-01-23,29.5,15.9,22.1,22.2,75.1,17.1,0.0,0.0,0.0,16.2,7.9,210.9,1013.5,5.9,24.1,8.0,06:29:12,17:38:09,Clear,Clear conditions throughout the day.
2025-01-24,28.4,15.9,21.5,21.5,81.3,17.8,0.0,0.0,0.0,23.0,9.4,176.0,1012.8,5.0,24.1,8.0,06:29:03,17:38:47,Clear,Clear conditions throughout the day.
2025-01-25,29.1,16.3,22.4,22.5,76.7,17.6,0.0,0.0,0.0,16.6,6.8,283.0,1013.1,6.6,24.1,8.0,06:28:54,17:39:25,Clear,Clear conditions throughout the day.
2025-01-26,27.2,16.1,21.0,21.1,79.9,17.2,0.0,0.0,0.0,19.8,7.9,119.7,1013.4,4.0,24.1,7.0,06:28:43,17:40:03,Clear,Clear conditions throughout the day.
2025-01-27,28.3,15.7,21.2,21.2,79.1,16.9,0.0,0.0,0.0,18.0,6.5,246.3,1011.8,8.1,24.1,8.0,06:28:31,17:40:40,Clear,Clear conditions throughout the day.
2025-01-28,28.1,15.1,21.0,21.0,81.5,17.3,0.0,0.0,0.0,21.6,8.6,180.6,1012.5,12.1,24.1,8.0,06:28:17,17:41:17,Clear,Clear conditions throughout the day.
2025-01-29,28.7,17.6,21.9,22.0,84.3,18.8,0.0,0.0,0.0,24.1,9.0,191.2,1014.5,29.0,24.1,8.0,06:28:03,17:41:53,Partially cloudy,Clearing in the afternoon.
2025-01-30,29.7,18.6,22.6,22.9,84.9,19.6,0.0,0.0,0.0,24.1,9.4,194.1,1012.1,38.4,24.1,8.0,06:27:47,17:42:29,Partially cloudy,Clearing in the afternoon.
2025-01-31,30.5,17.5,23.5,24.0,82.6,20.0,0.0,0.0,0.0,20.9,9.0,208.2,1011.4,15.2,24.1,8.0,06:27:30,17:43:05,Clear,Clear conditions throughout the day.
2025-02-01,31.5,19.8,24.9,25.4,77.7,20.3,0.0,0.0,0.0,20.5,7.6,202.3,1011.9,22.9,24.1,8.0,06:27:11,17:43:40,Partially cloudy,Partly cloudy throughout the day.
2025-02-02,32.6,19.1,25.6,26.2,71.6,19.5,0.0,0.0,0.0,15.5,7.2,256.5,1012.2,8.4,24.1,8.0,06:26:52,17:44:15,Clear,Clear conditions throughout the day.
2025-02-03,32.0,19.2,25.3,25.8,68.1,18.6,0.0,0.0,0.0,18.7,7.9,38.5,1012.2,7.3,24.1,8.0,06:26:31,17:44:50,Clear,Clear conditions throughout the day.
2025-02-04,30.9,20.3,25.2,26.2,81.3,21.4,0.0,0.0,0.0,19.1,6.1,173.2,1013.2,51.9,24.1,8.0,06:26:09,17:45:23,Partially cloudy,Clearing in the afternoon.
2025-02-05,32.0,19.3,25.2,26.0,76.4,20.2,0.0,0.0,0.0,16.9,7.2,209.3,1011.8,43.9,24.1,8.0,06:25:46,17:45:57,Partially cloudy,Partly cloudy throughout the day.
2025-02-06,31.8,19.7,25.8,26.2,67.8,18.7,0.0,0.0,0.0,16.9,7.6,321.4,1011.9,17.2,24.1,8.0,06:25:21,17:46:30,Clear,Clear conditions throughout the day.
2025-02-07,31.1,18.9,24.9,24.9,64.1,16.9,0.0,0.0,0.0,17.3,7.2,31.7,1014.1,5.2,24.1,8.0,06:24:56,17:47:02,Clear,Clear conditions throughout the day.
2025-02-08,30.8,19.0,24.1,23.9,63.7,15.7,0.0,0.0,0.0,18.7,6.5,326.3,1013.9,14.5,24.1,9.0,06:24:29,17:47:34,Clear,Clear conditions throughout the day.
2025-02-09,30.0,17.6,23.3,23.1,59.5,14.2,0.0,0.0,0.0,16.6,7.9,181.7,1013.8,3.7,24.1,9.0,06:24:02,17:48:06,Clear,Clear conditions throughout the day.
2025-02-10,30.8,15.9,23.1,23.1,69.8,16.6,0.0,0.0,0.0,19.4,7.6,202.7,1014.0,2.1,24.1,9.0,06:23:33,17:48:37,Clear,Clear conditions throughout the day.
2025-02-11,32.5,17.2,24.4,24.6,70.4,17.7,0.0,0.0,0.0,15.5,7.2,242.2,1013.3,3.9,24.1,9.0,06:23:03,17:49:07,Clear,Clear conditions throughout the day.
2025-02-12,33.5,19.5,26.0,26.4,63.2,17.7,0.0,0.0,0.0,20.2,8.6,274.6,1012.3,6.9,24.1,8.0,06:22:32,17:49:37,Clear,Clear conditions throughout the day.
2025-02-13,32.8,20.1,25.8,25.5,55.4,15.3,0.0,0.0,0.0,25.2,9.7,304.7,1012.0,2.0,24.1,9.0,06:22:01,17:50:07,Clear,Clear conditions throughout the day.
2025-02-14,31.7,17.8,24.6,24.2,50.1,12.7,0.0,0.0,0.0,17.6,7.9,313.2,1012.5,0.0,24.1,9.0,06:21:28,17:50:36,Clear,Clear conditions throughout the day.
2025-02-15,30.8,16.0,23.3,22.9,44.9,9.9,0.0,0.0,0.0,19.1,7.6,328.8,1012.3,0.0,24.1,9.0,06:20:54,17:51:04,Clear,Clear conditions throughout the day.
2025-02-16,32.4,16.2,23.9,23.6,55.0,13.5,0.0,0.0,0.0,20.2,8.3,240.0,1012.4,0.0,24.1,9.0,06:20:19,17:51:32,Clear,Clear conditions throughout the day.
2025-02-17,32.6,18.0,24.4,24.5,70.8,17.8,0.0,0.0,0.0,27.7,9.4,198.1,1013.5,1.8,24.1,9.0,06:19:43,17:52:00,Clear,Clear conditions throughout the day.
2025-02-18,32.6,18.6,25.1,25.3,69.9,18.4,0.0,0.0,0.0,24.5,10.1,192.8,1013.0,6.4,24.1,9.0,06:19:07,17:52:27,Clear,Clear conditions throughout the day.
2025-02-19,32.2,19.8,25.5,25.9,73.3,19.6,0.0,0.0,0.0,25.2,11.2,171.5,1011.8,18.6,24.1,8.0,06:18:29,17:52:53,Clear,Clear conditions throughout the day.
2025-02-20,30.5,22.4,24.9,25.3,82.8,21.6,3.8,100.0,0.0,27.4,9.0,165.9,1013.2,42.5,23.7,8.0,06:17:51,17:53:19,"Rain, Partially cloudy",Clearing in the afternoon with rain.
2025-02-21,31.0,19.9,24.6,25.3,77.4,20.1,1.2,100.0,0.0,20.2,6.5,144.8,1014.8,40.0,24.1,8.0,06:17:12,17:53:44,"Rain, Partially cloudy",Clearing in the afternoon with afternoon rain.
2025-02-22,31.0,20.7,25.0,25.7,77.6,20.5,1.1,100.0,0.0,27.4,9.0,198.7,1014.4,23.0,24.1,8.0,06:16:32,17:54:09,"Rain, Partially cloudy",Partly cloudy throughout the day with afternoon rain.
2025-02-23,31.1,20.0,25.5,25.5,63.7,17.1,0.0,0.0,0.0,22.3,7.9,359.6,1015.1,6.8,24.1,9.0,06:15:51,17:54:34,Clear,Clear conditions throughout the day.
2025-02-24,31.0,18.2,24.7,24.8,60.8,16.2,0.0,0.0,0.0,28.1,9.4,131.2,1016.7,3.4,24.1,9.0,06:15:09,17:54:58,Clear,Clear conditions throughout the day.
2025-02-25,29.9,19.2,24.3,24.5,71.4,18.3,0.0,0.0,0.0,24.5,7.9,187.0,1017.8,13.0,24.1,8.0,06:14:27,17:55:22,Clear,Clear conditions throughout the day.
2025-02-26,29.6,19.0,24.8,25.0,68.3,18.2,0.0,0.0,0.0,24.5,10.4,167.3,1017.8,6.1,24.1,8.0,06:13:44,17:55:45,Clear,Clear conditions throughout the day.
2025-02-27,32.3,18.8,25.1,25.2,69.2,18.3,0.0,0.0,0.0,23.0,9.4,193.3,1015.7,0.1,24.1,9.0,06:13:00,17:56:08,Clear,Clear conditions throughout the day.
2025-02-28,32.5,18.8,25.3,25.5,67.1,18.0,0.0,0.0,0.0,25.6,10.4,186.9,1014.5,6.1,24.1,9.0,06:12:16,17:56:30,Clear,Clear conditions throughout the day.
2025-03-01,33.5,19.2,25.8,25.6,58.9,16.1,0.0,0.0,0.0,29.2,12.6,196.9,1012.9,13.3,24.1,9.0,06:11:31,17:56:52,Clear,Clear conditions throughout the day.
2025-03-02,34.4,20.2,26.8,27.0,55.3,16.4,0.0,0.0,0.0,21.6,7.9,226.9,1009.9,42.3,24.1,9.0,06:10:45,17:57:13,Partially cloudy,Partly cloudy throughout the day.
2025-03-03,34.7,20.8,27.6,27.9,56.3,17.3,0.0,0.0,0.0,21.2,7.6,301.8,1010.1,35.5,24.1,8.0,06:09:59,17:57:35,Partially cloudy,Partly cloudy throughout the day.
2025-03-04,34.1,20.6,27.2,26.6,47.3,13.6,0.0,0.0,0.0,26.6,9.7,338.9,1010.8,6.5,24.1,9.0,06:09:12,17:57:55,Clear,Clear conditions throughout the day.
2025-03-05,33.2,19.8,26.3,26.1,46.5,13.4,0.0,0.0,0.0,31.0,12.6,311.0,1010.3,11.3,24.1,9.0,06:08:25,17:58:16,Clear,Clear conditions throughout the day.
2025-03-06,31.7,16.6,24.3,23.7,33.8,6.5,0.0,0.0,0.0,28.4,11.5,321.8,1011.9,0.0,24.1,10.0,06:07:37,17:58:36,Clear,Clear conditions throughout the day.
2025-03-07,32.4,13.8,23.4,22.8,38.5,7.7,0.0,0.0,0.0,21.6,7.6,314.9,1010.4,0.0,24.1,10.0,06:06:49,17:58:56,Clear,Clear conditions throughout the day.
2025-03-08,33.3,15.5,24.4,24.1,55.3,13.7,0.0,0.0,0.0,23.8,9.7,179.6,1009.4,0.3,24.1,10.0,06:06:00,17:59:15,Clear,Clear conditions throughout the day.
2025-03-09,32.8,18.8,24.8,24.9,71.8,18.3,0.0,0.0,0.0,34.2,15.5,159.9,1012.3,5.7,24.1,10.0,06:05:11,17:59:34,Clear,Clear conditions throughout the day.
2025-03-10,31.5,18.2,24.4,24.3,64.1,16.2,0.0,0.0,0.0,32.8,13.3,174.8,1015.4,11.9,24.1,10.0,06:04:21,17:59:53,Clear,Clear conditions throughout the day.
2025-03-11,33.8,17.8,25.6,25.4,49.1,13.3,0.0,0.0,0.0,24.5,9.0,204.1,1013.9,0.0,24.1,10.0,06:03:31,18:00:11,Clear,Clear conditions throughout the day.
2025-03-12,35.4,18.8,27.0,27.0,55.7,16.2,0.0,0.0,0.0,22.3,7.6,222.8,1010.5,0.0,24.1,10.0,06:02:41,18:00:30,Clear,Clear conditions throughout the day.
2025-03-13,36.9,20.6,28.8,29.0,53.7,17.1,0.0,0.0,0.0,25.2,10.4,274.4,1008.4,0.9,24.1,9.0,06:01:50,18:00:48,Clear,Clear conditions throughout the day.
2025-03-14,37.2,22.2,29.3,29.9,51.2,17.4,0.0,0.0,0.0,21.2,7.6,235.8,1008.9,3.5,24.1,9.0,06:01:00,18:01:06,Clear,Clear conditions throughout the day.
2025-03-15,37.0,22.2,29.2,30.4,57.9,19.3,0.0,0.0,0.0,19.8,7.9,213.8,1010.3,9.7,24.1,9.0,06:00:08,18:01:23,Clear,Clear conditions throughout the day.
2025-03-16,35.6,23.0,29.1,30.3,60.2,19.9,0.0,0.0,0.0,22.7,10.8,221.3,1009.9,14.2,24.1,8.0,05:59:17,18:01:41,Clear,Clear conditions throughout the day.
2025-03-17,36.6,23.2,29.2,30.0,54.3,18.3,0.0,0.0,0.0,20.5,8.3,242.1,1009.0,16.1,24.1,9.0,05:58:25,18:01:58,Clear,Clear conditions throughout the day.
2025-03-18,35.6,22.2,28.6,29.4,58.7,18.9,0.0,0.0,0.0,27.0,10.4,137.1,1010.2,39.7,24.1,10.0,05:57:34,18:02:15,Partially cloudy,Partly cloudy throughout the day.
2025-03-19,34.4,23.0,28.4,29.7,67.8,21.2,0.1,100.0,0.0,25.9,10.1,174.7,1012.8,20.8,24.1,8.0,05:56:42,18:02:32,"Rain, Partially cloudy",Partly cloudy throughout the day with afternoon rain.
2025-03-20,34.5,21.6,27.7,28.1,60.5,18.5,0.0,0.0,0.0,28.8,12.6,191.3,1013.5,9.2,24.1,10.0,05:55:50,18:02:48,Clear,Clear conditions throughout the day.
2025-03-21,34.2,20.9,26.6,27.0,64.3,18.6,0.0,0.0,0.0,32.4,13.0,185.1,1013.2,12.6,22.4,9.0,05:54:57,18:03:05,Clear,Clear conditions throughout the day.
2025-03-22,26.8,20.5,23.1,23.2,79.5,19.3,3.0,100.0,0.0,25.6,10.4,138.2,1014.9,64.1,22.2,8.0,05:54:05,18:03:21,"Rain, Partially cloudy",Partly cloudy throughout the day with rain.
2025-03-23,30.0,18.8,23.7,24.1,83.8,20.6,15.9,100.0,0.0,27.4,6.5,184.8,1015.0,44.4,21.7,8.0,05:53:13,18:03:38,"Rain, Partially cloudy",Partly cloudy throughout the day with a chance of rain throughout the day.
2025-03-24,30.1,21.1,25.2,26.3,81.7,21.7,10.1,100.0,0.0,21.6,9.0,168.7,1013.9,44.4,23.3,8.0,05:52:20,18:03:54,"Rain, Partially cloudy",Partly cloudy throughout the day with rain.
2025-03-25,32.9,19.9,26.6,27.5,72.8,20.7,0.0,0.0,0.0,19.8,8.3,181.7,1010.6,13.0,24.1,9.0,05:51:28,18:04:10,Clear,Clear conditions throughout the day.
2025-03-26,35.4,20.2,27.5,28.2,65.6,19.5,0.0,0.0,0.0,18.7,7.2,232.2,1008.1,1.4,23.3,10.0,05:50:36,18:04:27,Clear,Clear conditions throughout the day.
2025-03-27,36.3,20.6,28.5,28.6,55.4,17.2,0.0,0.0,0.0,22.7,8.6,300.8,1006.7,0.6,24.1,10.0,05:49:43,18:04:43,Clear,Clear conditions throughout the day.
2025-03-28,37.2,20.9,28.7,29.4,51.0,16.9,0.0,0.0,0.0,19.4,8.3,268.8,1005.8,0.1,24.1,10.0,05:48:51,18:04:59,Clear,Clear conditions throughout the day.
2025-03-29,36.8,21.8,29.3,30.7,58.3,19.5,0.0,0.0,0.0,24.5,9.7,154.8,1006.1,8.8,23.3,10.0,05:47:59,18:05:15,Clear,Clear conditions throughout the day.
2025-03-30,35.7,23.3,29.1,31.9,72.7,23.0,0.0,0.0,0.0,29.2,11.2,155.9,1008.6,27.3,24.1,8.0,05:47:07,18:05:31,Partially cloudy,Partly cloudy throughout the day.
2025-03-31,35.7,23.1,28.8,30.7,72.7,22.6,0.0,0.0,0.0,27.7,11.5,168.9,1009.3,28.3,23.3,9.0,05:46:15,18:05:47,Partially cloudy,Partly cloudy throughout the day.
2025-04-01,35.0,23.0,28.4,29.9,71.3,22.0,0.1,100.0,0.0,23.4,10.4,169.7,1008.9,24.1,23.3,9.0,05:45:23,18:06:03,"Rain, Partially cloudy",Partly cloudy throughout the day with afternoon rain.
2025-04-02,34.0,22.8,27.9,29.3,72.8,22.0,0.0,0.0,0.0,34.2,13.3,150.6,1009.7,8.9,23.3,9.0,05:44:31,18:06:20,Clear,Clear conditions throughout the day.
2025-04-03,33.7,23.0,27.4,28.0,72.1,21.1,0.0,0.0,0.0,28.8,18.4,148.4,1012.5,51.1,23.3,10.0,05:43:40,18:06:36,Partially cloudy,Partly cloudy throughout the day.
2025-04-04,33.6,24.0,28.2,29.4,67.0,21.0,0.1,100.0,0.0,25.2,6.8,326.3,1011.4,69.2,23.9,9.0,05:42:49,18:06:52,"Rain, Partially cloudy",Partly cloudy throughout the day with early morning rain.
2025-04-05,35.5,22.4,28.6,29.3,59.7,19.3,0.0,0.0,0.0,19.8,9.0,181.1,1009.4,17.3,23.3,9.0,05:41:58,18:07:09,Clear,Clear conditions throughout the day.
2025-04-06,36.3,22.2,28.8,30.1,62.4,20.2,0.1,100.0,0.0,27.4,13.7,198.3,1008.0,16.6,23.1,9.0,05:41:07,18:07:25,Rain,Clear conditions throughout the day with afternoon rain.
2025-04-07,35.8,22.4,28.5,30.1,70.6,21.8,0.0,0.0,0.0,45.4,18.4,170.5,1009.8,24.0,24.1,8.0,05:40:17,18:07:42,Partially cloudy,Partly cloudy throughout the day.
2025-04-08,32.9,24.0,28.0,29.6,73.6,22.4,0.4,100.0,0.0,35.3,15.1,149.8,1013.0,37.9,23.3,9.0,05:39:27,18:07:58,"Rain, Partially cloudy",Partly cloudy throughout the day with afternoon rain.
2025-04-09,33.7,22.9,27.3,28.9,75.6,22.2,0.4,100.0,0.0,33.5,13.0,140.0,1011.6,40.0,23.3,9.0,05:38:38,18:08:15,"Rain, Partially cloudy",Partly cloudy throughout the day with afternoon rain.
2025-04-10,34.0,22.4,27.5,28.9,73.4,21.8,0.2,100.0,0.0,29.2,11.9,151.1,1007.5,41.3,23.3,9.0,05:37:48,18:08:32,"Rain, Partially cloudy",Partly cloudy throughout the day with afternoon rain.
2025-04-11,32.1,20.9,26.4,28.0,78.1,22.1,6.5,100.0,0.0,29.5,10.1,173.2,1006.3,43.7,22.6,9.0,05:37:00,18:08:49,"Rain, Partially cloudy",Partly cloudy throughout the day with rain.
2025-04-12,33.8,22.1,27.6,29.4,71.8,21.7,2.3,100.0,0.0,27.7,9.0,222.7,1007.7,44.5,23.3,10.0,05:36:11,18:09:07,"Rain, Partially cloudy",Partly cloudy throughout the day with rain.
2025-04-13,35.6,21.7,28.1,28.8,58.4,18.5,0.6,100.0,0.0,28.8,6.8,208.1,1009.0,41.2,23.2,10.0,05:35:23,18:09:24,"Rain, Partially cloudy",Partly cloudy throughout the day with rain.
2025-04-14,33.3,22.1,27.4,28.5,70.5,20.8,1.6,100.0,0.0,32.8,13.0,163.1,1008.8,59.1,24.1,8.0,05:34:36,18:09:42,"Rain, Partially cloudy",Partly cloudy throughout the day with afternoon rain.
2025-04-15,31.5,22.3,26.4,27.5,79.6,22.4,3.3,100.0,0.0,33.5,11.9,158.5,1010.3,57.1,22.9,8.0,05:33:49,18:10:00,"Rain, Partially cloudy",Partly cloudy throughout the day with rain in the morning and afternoon.
2025-04-16,31.6,20.4,25.5,26.5,80.7,21.7,12.1,100.0,0.0,29.2,9.7,184.2,1010.0,58.0,23.3,9.0,05:33:02,18:10:18,"Rain, Partially cloudy",Partly cloudy throughout the day with afternoon rain.
2025-04-17,33.3,23.1,28.1,30.6,74.5,22.8,0.6,100.0,0.0,23.4,9.4,195.3,1007.9,17.5,23.3,10.0,05:32:16,18:10:36,Rain,Clear conditions throughout the day with afternoon rain.
2025-04-18,33.8,23.4,27.6,30.3,79.6,23.5,2.8,100.0,0.0,29.5,10.1,197.3,1006.9,26.6,23.3,9.0,05:31:31,18:10:54,"Rain, Partially cloudy",Partly cloudy throughout the day with afternoon rain.
2025-04-19,34.6,21.4,28.2,31.4,75.0,23.0,0.5,100.0,0.0,26.3,7.2,206.7,1005.7,16.3,23.3,10.0,05:30:46,18:11:13,Rain,Clear conditions throughout the day with afternoon rain.
2025-04-20,35.8,25.3,29.7,34.3,74.4,24.4,0.9,100.0,0.0,22.7,8.3,233.2,1006.3,29.1,24.1,9.0,05:30:02,18:11:32,"Rain, Partially cloudy",Partly cloudy throughout the day with afternoon rain.
2025-04-21,36.5,25.2,30.8,36.2,70.8,24.5,0.1,100.0,0.0,21.2,8.3,204.6,1008.2,38.0,23.3,9.0,05:29:19,18:11:51,"Rain, Partially cloudy",Partly cloudy throughout the day with afternoon rain.
2025-04-22,37.8,26.2,31.2,36.6,69.5,24.5,0.5,100.0,0.0,21.6,10.1,213.7,1008.4,11.7,23.3,10.0,05:28:36,18:12:10,Rain,Clear conditions throughout the day with afternoon rain.
2025-04-23,38.1,25.6,31.3,35.5,65.8,23.4,0.0,0.0,0.0,23.8,10.4,227.4,1006.1,8.4,24.1,10.0,05:27:53,18:12:30,Clear,Clear conditions throughout the day.
2025-04-24,37.1,25.8,31.0,35.3,65.3,23.3,0.5,100.0,0.0,29.5,10.4,215.7,1005.3,17.4,24.1,10.0,05:27:12,18:12:50,Rain,Clear conditions throughout the day with afternoon rain.
2025-04-25,37.3,25.4,30.7,35.1,69.0,23.9,0.4,100.0,0.0,27.0,10.4,207.4,1006.5,15.0,23.3,10.0,05:26:31,18:13:10,Rain,Clear conditions throughout the day with afternoon rain.
2025-04-26,35.4,25.8,29.8,33.8,70.9,23.7,2.1,100.0,0.0,26.6,9.0,233.7,1007.3,33.4,23.3,9.0,05:25:51,18:13:30,"Rain, Partially cloudy",Becoming cloudy in the afternoon with afternoon rain.
2025-04-27,32.9,24.9,28.2,29.8,68.5,21.6,3.3,100.0,0.0,32.0,11.5,260.5,1009.0,61.3,23.3,9.0,05:25:12,18:13:50,"Rain, Partially cloudy",Partly cloudy throughout the day with rain in the morning and afternoon.
2025-04-28,34.0,23.1,27.7,29.1,71.0,21.6,1.8,100.0,0.0,22.0,7.6,239.3,1008.3,31.0,24.1,9.0,05:24:33,18:14:11,"Rain, Partially cloudy",Partly cloudy throughout the day with afternoon rain.
2025-04-29,32.9,21.4,26.8,28.3,72.7,21.2,1.7,100.0,0.0,34.9,14.4,134.4,1008.0,23.8,23.2,10.0,05:23:55,18:14:32,"Rain, Partially cloudy",Partly cloudy throughout the day with afternoon rain.
2025-04-30,28.4,19.5,24.3,25.0,80.6,20.6,6.0,100.0,0.0,25.9,8.3,174.3,1009.2,41.5,23.2,9.0,05:23:18,18:14:53,"Rain, Partially cloudy",Partly cloudy throughout the day with rain.
2025-05-01,30.2,20.3,25.8,27.2,78.9,21.7,1.3,100.0,0.0,25.9,10.1,157.6,1010.2,15.4,22.8,10.0,05:22:42,18:15:15,Rain,Clear conditions throughout the day with afternoon rain.
2025-05-02,30.5,20.6,25.6,26.9,79.6,21.6,1.0,100.0,0.0,27.0,13.3,163.8,1009.5,28.8,24.1,9.0,05:22:07,18:15:36,"Rain, Partially cloudy",Partly cloudy throughout the day with afternoon rain.
2025-05-03,32.1,20.9,26.3,28.5,83.5,23.1,14.7,100.0,0.0,27.4,9.0,220.7,1008.2,28.3,23.1,9.0,05:21:32,18:15:58,"Rain, Partially cloudy",Partly cloudy throughout the day with rain.
2025-05-04,29.9,19.7,24.9,26.4,81.6,21.3,2.1,100.0,0.0,33.8,6.5,185.8,1006.9,46.1,24.1,10.0,05:20:59,18:16:20,"Rain, Partially cloudy",Becoming cloudy in the afternoon with rain.
2025-05-05,32.0,21.6,27.3,29.5,74.3,22.0,1.1,100.0,0.0,25.6,6.5,201.2,1007.0,14.5,24.1,9.0,05:20:26,18:16:43,Rain,Clear conditions throughout the day with afternoon rain.
2025-05-06,33.3,23.1,28.3,30.7,72.0,22.4,1.0,100.0,0.0,24.1,6.5,231.9,1007.5,31.4,23.1,9.0,05:19:54,18:17:05,"Rain, Partially cloudy",Partly cloudy throughout the day with afternoon rain.
2025-05-07,34.7,22.9,28.7,31.2,69.7,22.3,0.0,0.0,0.0,23.8,10.1,201.5,1006.7,46.2,22.6,9.0,05:19:23,18:17:28,Partially cloudy,Partly cloudy throughout the day.
2025-05-08,33.7,24.1,29.3,31.9,69.4,22.7,0.2,100.0,0.0,21.6,7.2,206.9,1007.0,51.2,24.1,10.0,05:18:53,18:17:51,"Rain, Partially cloudy",Partly cloudy throughout the day with afternoon rain.
2025-05-09,35.1,23.8,29.4,31.3,64.6,21.5,0.0,0.0,0.0,18.7,8.6,184.6,1007.8,28.3,23.3,10.0,05:18:24,18:18:14,Partially cloudy,Partly cloudy throughout the day.
2025-05-10,36.1,23.1,29.8,31.7,62.8,21.2,0.0,0.0,0.0,23.0,9.7,195.6,1007.9,8.1,23.3,10.0,05:17:56,18:18:37,Clear,Clear conditions throughout the day.
2025-05-11,36.8,24.4,30.7,33.4,62.2,22.0,0.3,100.0,0.0,18.4,6.8,232.2,1005.6,16.4,24.1,9.0,05:17:29,18:19:01,Rain,Clear conditions throughout the day with afternoon rain.
2025-05-12,37.0,25.9,30.5,35.1,68.7,23.8,1.7,100.0,0.0,21.6,7.2,240.8,1004.8,28.6,23.3,9.0,05:17:02,18:19:24,"Rain, Partially cloudy",Partly cloudy throughout the day with afternoon rain.
2025-05-13,34.8,25.0,29.4,33.9,73.1,24.0,2.0,100.0,0.0,19.8,5.8,212.8,1005.5,37.2,23.2,9.0,05:16:37,18:19:48,"Rain, Partially cloudy",Partly cloudy throughout the day with rain.
2025-05-14,33.2,26.3,28.8,33.2,80.5,25.0,6.2,100.0,0.0,22.3,8.3,225.4,1005.6,67.3,22.6,8.0,05:16:13,18:20:12,"Rain, Partially cloudy",Partly cloudy throughout the day with rain.
2025-05-15,35.3,25.1,29.3,33.8,77.0,24.6,2.9,100.0,0.0,22.7,6.8,239.1,1006.3,33.9,23.2,9.0,05:15:50,18:20:36,"Rain, Partially cloudy",Partly cloudy throughout the day with rain.
2025-05-16,33.9,25.1,29.4,33.6,75.4,24.4,1.3,100.0,0.0,20.2,9.7,201.8,1006.4,35.6,22.8,8.0,05:15:28,18:21:00,"Rain, Partially cloudy",Partly cloudy throughout the day with a chance of rain throughout the day.
2025-05-17,33.9,25.0,29.0,33.3,78.7,24.7,5.0,100.0,0.0,22.3,9.4,165.2,1006.4,65.1,23.3,8.0,05:15:07,18:21:24,"Rain, Partially cloudy",Partly cloudy throughout the day with rain.
2025-05-18,34.2,24.5,28.8,32.6,79.1,24.6,0.4,100.0,0.0,35.6,14.0,148.8,1006.4,48.6,24.1,9.0,05:14:47,18:21:49,"Rain, Partially cloudy",Partly cloudy throughout the day with afternoon rain.
2025-05-19,32.8,25.3,28.9,33.3,81.4,25.2,0.8,100.0,0.0,35.6,13.3,152.1,1006.5,66.5,23.3,8.0,05:14:28,18:22:13,"Rain, Partially cloudy",Partly cloudy throughout the day with rain in the morning and afternoon.
2025-05-20,33.6,25.3,28.8,33.5,82.7,25.5,4.2,100.0,0.0,34.9,11.5,152.3,1005.4,71.1,22.9,8.0,05:14:10,18:22:37,"Rain, Partially cloudy",Partly cloudy throughout the day with rain in the morning and afternoon.
2025-05-21,33.1,25.5,29.2,33.9,81.0,25.4,0.3,100.0,0.0,28.8,10.4,159.3,1005.6,83.5,22.7,8.0,05:13:53,18:23:02,"Rain, Partially cloudy",Partly cloudy throughout the day with rain in the morning and afternoon.
2025-05-22,31.2,24.8,27.7,30.9,84.7,24.8,8.8,100.0,0.0,22.7,9.0,144.2,1005.3,96.7,18.9,5.0,05:13:37,18:23:26,"Rain, Overcast",Cloudy skies throughout the day with rain.
2025-05-23,32.3,24.1,26.6,28.6,87.9,24.3,26.3,100.0,0.0,26.3,5.8,211.8,1003.0,99.8,20.9,7.0,05:13:22,18:23:50,"Rain, Overcast",Cloudy skies throughout the day with a chance of rain throughout the day.
2025-05-24,30.3,25.1,27.2,29.7,87.9,24.9,19.2,100.0,0.0,22.3,5.4,172.4,1003.2,99.0,16.2,6.0,05:13:08,18:24:15,"Rain, Overcast",Cloudy skies throughout the day with a chance of rain throughout the day.
2025-05-25,32.2,25.1,27.7,31.2,87.1,25.3,12.7,100.0,0.0,21.6,9.0,125.0,1003.2,98.8,21.7,5.0,05:12:55,18:24:39,"Rain, Overcast",Cloudy skies throughout the day with a chance of rain throughout the day.
2025-05-26,31.4,25.5,28.1,32.3,87.0,25.7,9.4,100.0,0.0,23.0,9.0,110.9,1001.7,93.4,20.3,6.0,05:12:44,18:25:03,"Rain, Overcast",Cloudy skies throughout the day with a chance of rain throughout the day.
2025-05-27,30.5,25.1,27.6,30.5,86.4,25.0,18.4,100.0,0.0,25.9,8.6,3.3,999.5,99.1,19.1,6.0,05:12:33,18:25:27,"Rain, Overcast",Cloudy skies throughout the day with a chance of rain throughout the day.
2025-05-28,29.8,25.2,27.1,29.6,88.5,25.0,15.7,100.0,0.0,34.6,10.4,323.2,997.8,99.9,19.6,3.0,05:12:23,18:25:51,"Rain, Overcast",Cloudy skies throughout the day with a chance of rain throughout the day.
2025-05-29,30.8,25.4,27.7,31.3,85.5,25.0,21.4,100.0,0.0,34.6,11.2,276.3,996.6,100.0,23.1,6.0,05:12:15,18:26:15,"Rain, Overcast",Cloudy skies throughout the day with a chance of rain throughout the day.
2025-05-30,33.2,26.0,29.1,34.7,81.6,25.5,6.7,100.0,0.0,29.5,8.6,228.8,997.8,99.9,24.1,8.0,05:12:08,18:26:39,"Rain, Overcast",Cloudy skies throughout the day with rain.
2025-05-31,32.0,25.3,28.2,32.0,82.7,24.9,4.7,100.0,0.0,23.8,10.8,271.8,1001.8,100.0,23.1,5.0,05:12:01,18:27:02,"Rain, Overcast",Cloudy skies throughout the day with a chance of rain throughout the day.
2025-06-01,36.1,25.8,30.4,34.5,71.8,24.2,1.4,100.0,0.0,36.4,14.4,275.8,1001.6,97.5,24.1,9.0,05:11:56,18:27:25,"Rain, Overcast",Cloudy skies throughout the day with rain clearing later.
2025-06-02,36.4,24.9,30.6,33.6,61.7,22.1,0.0,0.0,0.0,37.8,14.8,261.8,1002.8,82.3,23.3,9.0,05:11:51,18:27:48,Partially cloudy,Partly cloudy throughout the day.
2025-06-03,35.2,25.9,30.4,34.3,67.1,23.2,0.4,100.0,0.0,40.0,11.2,248.6,1003.0,58.5,24.1,9.0,05:11:48,18:28:11,"Rain, Partially cloudy",Clearing in the afternoon with rain.
2025-06-04,35.1,25.5,29.4,33.2,73.9,24.0,0.7,100.0,0.0,27.7,9.0,249.0,1005.0,19.3,23.2,9.0,05:11:46,18:28:33,Rain,Clear conditions throughout the day with afternoon rain.
2025-06-05,33.8,24.4,28.7,31.4,71.2,22.7,0.8,100.0,0.0,24.1,6.8,280.7,1006.0,32.9,23.4,9.0,05:11:44,18:28:55,"Rain, Partially cloudy",Partly cloudy throughout the day with rain.
2025-06-06,34.1,24.9,28.8,32.0,73.7,23.4,0.7,100.0,0.0,20.5,7.9,228.9,1007.4,58.9,23.2,9.0,05:11:44,18:29:17,"Rain, Partially cloudy",Partly cloudy throughout the day with rain.
2025-06-07,34.1,23.8,28.5,31.4,74.0,23.2,1.0,100.0,0.0,25.2,6.1,212.3,1006.0,38.8,24.1,9.0,05:11:45,18:29:38,"Rain, Partially cloudy",Partly cloudy throughout the day with afternoon rain.
2025-06-08,35.9,24.8,29.4,33.6,72.6,23.8,1.5,100.0,0.0,25.2,5.8,228.0,1004.7,26.7,23.3,9.0,05:11:46,18:29:59,"Rain, Partially cloudy",Partly cloudy throughout the day with afternoon rain.
2025-06-09,35.0,26.7,29.9,35.0,74.7,24.7,0.7,100.0,0.0,19.1,7.6,176.1,1002.0,38.1,24.1,9.0,05:11:49,18:30:19,"Rain, Partially cloudy",Becoming cloudy in the afternoon with afternoon rain.
2025-06-10,30.7,24.1,26.7,29.2,89.5,24.8,19.3,100.0,0.0,18.7,9.4,143.5,1002.1,73.0,20.6,10.0,05:11:52,18:30:39,"Rain, Partially cloudy",Partly cloudy throughout the day with rain.
2025-06-11,31.1,24.3,27.0,29.4,86.4,24.5,6.3,100.0,0.0,15.1,10.4,71.2,1002.5,80.0,23.2,8.0,05:11:57,18:30:59,"Rain, Partially cloudy",Partly cloudy throughout the day with rain.
2025-06-12,30.0,25.4,27.5,30.7,87.3,25.1,3.3,100.0,0.0,13.3,9.7,92.1,1002.8,90.4,22.6,7.0,05:12:02,18:31:18,"Rain, Overcast",Cloudy skies throughout the day with a chance of rain throughout the day.
2025-06-13,32.6,25.3,28.6,32.7,82.9,25.2,0.4,100.0,0.0,21.6,8.6,155.3,1003.0,57.3,24.1,10.0,05:12:08,18:31:36,"Rain, Partially cloudy",Partly cloudy throughout the day with rain in the morning and afternoon.
2025-06-14,33.7,25.4,29.2,34.4,81.6,25.5,8.5,100.0,0.0,11.5,6.1,199.5,1002.4,72.0,22.4,10.0,05:12:15,18:31:54,"Rain, Partially cloudy",Partly cloudy throughout the day with rain in the morning and afternoon.
2025-06-15,33.0,24.7,27.9,31.5,85.8,25.2,40.1,100.0,0.0,20.5,7.2,239.8,1001.2,94.6,19.8,9.0,05:12:23,18:32:11,"Rain, Overcast",Cloudy skies throughout the day with a chance of rain throughout the day.
2025-06-16,31.7,24.8,27.3,30.5,88.3,25.2,16.7,100.0,0.0,6.8,6.8,222.3,1001.2,99.8,20.4,2.0,05:12:32,18:32:28,"Rain, Overcast",Cloudy skies throughout the day with a chance of rain throughout the day.
2025-06-17,29.3,25.1,26.8,28.8,88.7,24.7,19.6,100.0,0.0,16.6,10.4,238.9,1001.8,100.0,22.3,2.0,05:12:42,18:32:44,"Rain, Overcast",Cloudy skies throughout the day with a chance of rain throughout the day.
2025-06-18,28.6,25.1,26.7,28.5,86.1,24.2,6.2,100.0,0.0,32.8,9.4,242.4,1001.8,100.0,23.0,1.0,05:12:52,18:32:59,"Rain, Overcast",Cloudy skies throughout the day with a chance of rain throughout the day.
2025-06-19,29.0,23.7,26.8,28.7,86.8,24.3,14.1,100.0,0.0,37.4,10.1,237.6,1002.1,100.0,21.5,1.0,05:13:03,18:33:14,"Rain, Overcast",Cloudy skies throughout the day with a chance of rain throughout the day.
2025-06-20,32.2,25.5,28.1,31.0,79.6,24.1,0.4,100.0,0.0,24.8,17.3,249.8,1002.8,100.0,20.8,7.0,05:13:15,18:33:27,"Rain, Overcast",Cloudy skies throughout the day with early morning rain.
2025-06-21,33.9,25.3,28.5,32.3,80.6,24.7,2.5,100.0,0.0,20.9,10.1,245.6,1003.1,97.9,23.3,9.0,05:13:28,18:33:41,"Rain, Overcast",Cloudy skies throughout the day with rain.
2025-06-22,33.0,25.4,28.7,32.4,77.7,24.3,2.1,100.0,0.0,18.0,11.9,273.7,1002.2,99.3,20.0,10.0,05:13:41,18:33:53,"Rain, Overcast",Cloudy skies throughout the day with rain.
2025-06-23,28.6,24.7,26.5,27.5,84.8,23.7,18.4,100.0,0.0,22.7,11.5,260.7,1000.8,99.8,16.3,6.0,05:13:55,18:34:04,"Rain, Overcast",Cloudy skies throughout the day with a chance of rain throughout the day.
2025-06-24,29.1,24.5,26.6,28.7,86.3,24.1,7.9,100.0,0.0,10.1,12.2,259.9,999.6,99.8,22.0,1.0,05:14:09,18:34:15,"Rain, Overcast",Cloudy skies throughout the day with a chance of rain throughout the day.
2025-06-25,28.8,25.1,26.7,28.7,86.5,24.3,14.5,100.0,0.0,13.0,6.1,263.3,999.9,100.0,14.6,5.0,05:14:25,18:34:25,"Rain, Overcast",Cloudy skies throughout the day with a chance of rain throughout the day.
2025-06-26,29.8,24.7,26.5,28.3,89.4,24.6,8.4,100.0,0.0,7.2,12.6,221.4,1001.3,99.8,18.3,5.0,05:14:41,18:34:34,"Rain, Overcast",Cloudy skies throughout the day with rain.
2025-06-27,28.0,24.8,26.6,28.9,89.3,24.7,10.1,100.0,0.0,14.0,8.3,224.0,1002.9,100.0,21.9,6.0,05:14:57,18:34:42,"Rain, Overcast",Cloudy skies throughout the day with a chance of rain throughout the day.
2025-06-28,28.2,25.0,26.4,27.6,86.1,23.8,11.0,100.0,0.0,32.0,13.3,259.0,1002.4,99.9,22.0,3.0,05:15:14,18:34:50,"Rain, Overcast",Cloudy skies throughout the day with a chance of rain throughout the day.
2025-06-29,27.9,23.6,25.8,26.4,84.0,22.8,6.1,100.0,0.0,51.1,18.7,269.2,1000.8,100.0,23.2,4.0,05:15:32,18:34:56,"Rain, Overcast",Cloudy skies throughout the day with a chance of rain throughout the day.
2025-06-30,27.2,23.7,25.7,26.3,83.0,22.6,5.7,100.0,0.0,36.4,21.6,275.8,999.7,99.7,18.9,1.0,05:15:50,18:35:01,"Rain, Overcast",Cloudy skies throughout the day with a chance of rain throughout the day.
2025-07-01,28.0,25.1,26.5,28.0,82.2,23.2,6.1,100.0,0.0,28.1,15.8,260.7,998.7,98.2,23.5,3.0,05:16:08,18:35:06,"Rain, Overcast",Cloudy skies throughout the day with rain in the morning and afternoon.
2025-07-02,27.8,22.9,26.0,27.3,87.1,23.7,16.6,100.0,0.0,20.2,10.4,262.1,999.2,99.9,21.5,3.0,05:16:27,18:35:09,"Rain, Overcast",Cloudy skies throughout the day with a chance of rain throughout the day.
2025-07-03,28.9,24.4,26.0,27.3,89.0,24.0,26.4,100.0,0.0,29.2,7.9,228.5,1000.8,100.0,16.5,3.0,05:16:46,18:35:12,"Rain, Overcast",Cloudy skies throughout the day with a chance of rain throughout the day.
2025-07-04,28.6,24.4,26.1,27.6,88.4,24.0,9.4,100.0,0.0,11.2,13.3,239.5,1001.6,99.5,21.8,1.0,05:17:06,18:35:13,"Rain, Overcast",Cloudy skies throughout the day with a chance of rain throughout the day.
2025-07-05,27.8,23.7,25.3,25.9,90.9,23.7,30.1,100.0,0.0,37.1,13.7,244.7,1000.7,99.3,20.1,5.0,05:17:26,18:35:14,"Rain, Overcast",Cloudy skies throughout the day with a chance of rain throughout the day.
2025-07-06,28.7,24.1,26.0,27.2,87.2,23.7,10.7,100.0,0.0,42.5,17.3,255.1,998.7,99.7,20.8,8.0,05:17:47,18:35:13,"Rain, Overcast",Cloudy skies throughout the day with a chance of rain throughout the day.
2025-07-07,29.8,24.7,26.7,28.4,81.7,23.3,4.6,100.0,0.0,27.7,21.2,248.1,998.0,99.7,22.7,5.0,05:18:07,18:35:12,"Rain, Overcast",Cloudy skies throughout the day with a chance of rain throughout the day.
2025-07-08,27.8,23.9,26.2,27.1,78.8,22.2,6.5,100.0,0.0,34.6,21.6,259.9,999.3,99.6,20.7,6.0,05:18:28,18:35:09,"Rain, Overcast",Cloudy skies throughout the day with a chance of rain throughout the day.
2025-07-09,28.9,24.4,26.8,28.6,78.2,22.7,1.2,100.0,0.0,26.6,20.5,257.6,1000.3,99.0,23.3,3.0,05:18:50,18:35:05,"Rain, Overcast",Cloudy skies throughout the day with a chance of rain throughout the day.
2025-07-10,30.3,24.1,27.1,29.1,81.6,23.6,1.4,100.0,0.0,19.4,16.2,255.4,1000.7,97.9,22.9,7.0,05:19:11,18:35:01,"Rain, Overcast",Cloudy skies throughout the day with a chance of rain throughout the day.
2025-07-11,32.2,25.3,28.2,31.7,81.2,24.5,1.8,100.0,0.0,14.0,15.5,252.4,1000.9,90.7,22.4,9.0,05:19:33,18:34:55,"Rain, Overcast",Cloudy skies throughout the day with a chance of rain throughout the day.
2025-07-12,33.9,25.7,29.2,33.0,76.4,24.4,1.0,100.0,0.0,25.2,12.6,260.4,1001.5,92.0,23.2,9.0,05:19:55,18:34:48,"Rain, Overcast",Cloudy skies throughout the day with rain.
2025-07-13,31.8,25.8,28.2,31.7,82.3,24.8,8.9,100.0,0.0,17.3,11.5,276.1,1002.0,99.9,22.6,7.0,05:20:17,18:34:40,"Rain, Overcast",Cloudy skies throughout the day with rain.
2025-07-14,29.9,24.9,27.2,29.6,85.6,24.5,6.1,100.0,0.0,20.5,10.8,258.6,1002.0,100.0,22.2,8.0,05:20:39,18:34:31,"Rain, Overcast",Cloudy skies throughout the day with a chance of rain throughout the day.
2025-07-15,33.8,25.3,29.0,31.8,72.6,23.2,1.7,100.0,0.0,19.4,15.1,281.8,1001.5,99.8,23.2,8.0,05:21:01,18:34:21,"Rain, Overcast",Cloudy skies throughout the day with a chance of rain throughout the day.
2025-07-16,33.1,25.7,29.0,32.1,71.9,23.2,4.8,100.0,0.0,8.3,6.8,355.7,1002.4,100.0,22.8,8.0,05:21:24,18:34:10,"Rain, Overcast",Cloudy skies throughout the day with rain.
2025-07-17,32.3,24.9,28.1,31.0,79.7,24.1,14.3,100.0,0.0,16.6,9.0,140.3,1003.8,100.0,18.7,9.0,05:21:46,18:33:57,"Rain, Overcast",Cloudy skies throughout the day with a chance of rain throughout the day.
2025-07-18,32.9,24.9,28.2,31.4,79.3,24.1,10.6,100.0,0.0,13.0,7.9,109.9,1003.8,81.2,22.5,9.0,05:22:08,18:33:44,"Rain, Partially cloudy",Partly cloudy throughout the day with rain.
2025-07-19,33.6,25.8,28.3,30.9,76.6,23.6,5.4,100.0,0.0,8.6,7.2,311.6,1000.8,83.7,23.0,10.0,05:22:31,18:33:29,"Rain, Partially cloudy",Partly cloudy throughout the day with rain.
2025-07-20,33.3,25.5,28.5,31.1,74.5,23.3,8.2,100.0,0.0,10.4,9.4,352.5,999.6,99.7,21.1,10.0,05:22:53,18:33:14,"Rain, Overcast",Cloudy skies throughout the day with a chance of rain throughout the day.
2025-07-21,32.3,25.3,28.3,30.8,76.6,23.6,3.4,100.0,0.0,13.7,11.9,133.1,1000.5,83.9,22.8,9.0,05:23:16,18:32:57,"Rain, Partially cloudy",Partly cloudy throughout the day with storms possible.
